author_id,created_at,text
sprintcare,2025-08-12T21:51:17.188951,@115712 I understand. I would like to assist you. We would need to get you into a private secured link to further assist.
115712,2025-08-12T21:51:16.814480,@sprintcare and how do you propose we do that
115712,2025-08-12T21:51:16.915085,@sprintcare I have sent several private messages and no one is responding as usual
sprintcare,2025-08-12T21:51:17.016220,@115712 Please send us a Private Message so that we can further assist you. Just click ‘Message’ at the top of your profile.
115712,2025-08-12T21:51:17.117957,@sprintcare I did.
sprintcare,2025-08-12T21:51:17.219040,"@115712 Can you please send us a private message, so that I can gain further details about your account?"
115712,2025-08-12T21:51:17.320284,@sprintcare is the worst customer service
sprintcare,2025-08-12T21:51:17.421390,"@115713 This is saddening to hear. Please shoot us a DM, so that we can look into this for you. -KC"
115713,2025-08-12T21:51:17.522383,@sprintcare You gonna magically change your connectivity for me and my whole family ? 🤥 💯
sprintcare,2025-08-12T21:51:17.623452,"@115713 We understand your concerns and we'd like for you to please send us a Direct Message, so that we can further assist you. -AA"
115713,2025-08-12T21:51:17.724531,@sprintcare Since I signed up with you....Since day 1
sprintcare,2025-08-12T21:51:17.825133,"@115713 H there! We'd definitely like to work with you on this, how long have you been experiencing this issue? -AA"
115713,2025-08-12T21:51:17.926183,"@115714 y’all lie about your “great” connection. 5 bars LTE, still won’t load something. Smh."
sprintcare,2025-08-12T21:51:18.027342,@115715 Please send me a private message so that I can send you the link to access your account. -FR
115715,2025-08-12T21:51:18.127855,"@115714 whenever I contact customer support, they tell me I have shortcode enabled on my account, but I have never in the 4 years I've tried https://t.co/0G98RtNxPK"
Ask_Spectrum,2025-08-12T21:51:18.228659,@115716 What information is incorrect? ^JK
115716,2025-08-12T21:51:18.330406,@Ask_Spectrum Would you like me to email you a copy of one since Spectrum is not updating your training?
Ask_Spectrum,2025-08-12T21:51:18.432116,"@115716 Our department is part of the corporate office.  If you're particular area has gone to this format, we were unawa... https://t.co/P7XCmTzPQj"
115716,2025-08-12T21:51:18.533288,@Ask_Spectrum I received this from your corporate office would you like a copy?
Ask_Spectrum,2025-08-12T21:51:18.633982,@115716 No thank you. ^JK
115716,2025-08-12T21:51:18.735108,@Ask_Spectrum The correct way to do it is via an OCS Account Takeover and email Consent Form it does not need to be done in a local office
115716,2025-08-12T21:51:18.836402,@Ask_Spectrum That is INCORRECT information I have the form in front of me that is faxed over-maybe you need to maintain up to date information
Ask_Spectrum,2025-08-12T21:51:18.936705,@115716 The information pertaining to the account assumption is correct.  This does need to be done at a local outlet wit... https://t.co/P7XCmTzPQj
115716,2025-08-12T21:51:19.037522,actually that's a broken link you sent me and incorrect information https://t.co/V4yfrHR8VI
Ask_Spectrum,2025-08-12T21:51:19.138752,"@115717 Hello, My apologies for any frustrations or inconvenience. I’d be happy to look into this for you? ^MG"
115717,2025-08-12T21:51:19.240284,"Yo @Ask_Spectrum, your customer service reps are super nice— but imma start trippin if y’all don’t get my service going!"
Ask_Spectrum,2025-08-12T21:51:19.342598,@115718 I apologize for the inconvenience. I will be glad to assist you. Can you DM me your Name and acct # or phone #? -JB
115718,2025-08-12T21:51:19.443121,My picture on @Ask_Spectrum pretty much every day. Why should I pay $171 per month? https://t.co/U6ptkQa5Ik
VerizonSupport,2025-08-12T21:51:19.543946,"@115719 Help has arrived! We are sorry to see that you are having trouble. How can we help?
^HSB"
115719,2025-08-12T21:51:19.644452,"@VerizonSupport I finally got someone that helped me, thanks!"
VerizonSupport,2025-08-12T21:51:19.744949,"@115719 Awesome! If you ever need us we are just a tweet away.
^HSB"
115719,2025-08-12T21:51:19.846743,somebody from @VerizonSupport please help meeeeee 😩😩😩😩 I'm having the worst luck with your customer service
VerizonSupport,2025-08-12T21:51:19.947126,"@115720 Have your friend message us.
^ACM"
115720,2025-08-12T21:51:20.048988,@VerizonSupport My friend is without internet we need to play videogames together please our skills diminish every moment without internetz
VerizonSupport,2025-08-12T21:51:20.150748,"@115721 Please follow and DM us so that we can look into this order. 
^HSB"
115721,2025-08-12T21:51:20.252076,@VerizonSupport What else can I provide? They refuse to help me because they cannot validate the account...
VerizonSupport,2025-08-12T21:51:20.352709,"@115721 We would not be able to verify anything without authenticating your account.
^JAY"
115721,2025-08-12T21:51:20.453959,"@VerizonSupport How? I have my phone number and email, that's it. How did I get equipment and service? I'm literally trying to pay and nobody can find me?"
VerizonSupport,2025-08-12T21:51:20.554972,"@115721 We can use the order number to locate the account but will need to do so in our secure one on one chat. Please follow and DM us. 
^HSB"
115721,2025-08-12T21:51:20.656117,@115722 MD. And this was sent to the wrong address https://t.co/dMQ1WZXJOk
115722,2025-08-12T21:51:20.756414,"@115721 Hello Duke, Do you have a copy of your bill? What state are your services located in?
^NHP"
115721,2025-08-12T21:51:20.857190,@115722 Nobody can find my account or number. I walked out of a store with this. I've explained that they can find my acct via my devices serial #..
115722,2025-08-12T21:51:20.958071,"@115721 Are you referring to wireless or residential service?
^JAY"
115721,2025-08-12T21:51:21.059245,"@115722 tried to pay a bill for 60 days. No service, rude CS, and several transfers. Look up my equipment # and give me an acct #!"
VerizonSupport,2025-08-12T21:51:21.161224,"@115723 Is the light on top red?
^JAY"
115723,2025-08-12T21:51:21.263372,"@VerizonSupport Don’t know, router is downstairs. But it’s just the WiFi Nothing connected to Ethernet"
VerizonSupport,2025-08-12T21:51:21.364413,"@115723 Did the lights change on the router when this happened?
^JAY"
115723,2025-08-12T21:51:21.466108,@VerizonSupport Just randomly boots me offline there it goes again
VerizonSupport,2025-08-12T21:51:21.566959,"@115723 Do you have our Fios service?  When services go out, does the internet light on the router change color? ^BCW"
115723,2025-08-12T21:51:21.668337,@VerizonSupport Yep
VerizonSupport,2025-08-12T21:51:21.768776,"@115723 Are all your services cutting out?
^ACM"
115723,2025-08-12T21:51:21.870177,@VerizonSupport Cuts out every 20 minutes this is ridiculous
VerizonSupport,2025-08-12T21:51:21.970663,@115723 What did we do to make you feel this way and how can we fix things between us? ^KMG
115723,2025-08-12T21:51:22.072140,@115722 is the worst ISP I’ve ever had
VerizonSupport,2025-08-12T21:51:22.172439,"@115724 In what area are you located? All of your services are down at this time?
^HSB"
115724,2025-08-12T21:51:22.273638,".@VerizonSupport @115725 @115726                                                 &gt;All of VERIZON IS DOWN&lt;
When can we expect a fix ?"
VerizonSupport,2025-08-12T21:51:22.374223,"@115727 Which app are you referring too? 
^ACM"
115727,2025-08-12T21:51:22.474999,@115725 fix your app it won't even open
ChipotleTweets,2025-08-12T21:51:22.575602,@115728 I still think you look great! -Becky
115728,2025-08-12T21:51:22.676996,@ChipotleTweets @ChipotleTweets Becky is very nice
115728,2025-08-12T21:51:22.777500,"@ChipotleTweets @28 
I don't fit in my Veggie Burrito costume #Halloween https://t.co/7tJDVpzLWn"
ChipotleTweets,2025-08-12T21:51:22.878518,@115729 I'm so sorry about that. Please tell us more so we can help: https://t.co/Ax7W1Dx3Y9 -Becky
115729,2025-08-12T21:51:22.978928,@ChipotleTweets messed up today and didn’t give me my $3 burrito although I was dressed up 😭
ChipotleTweets,2025-08-12T21:51:23.079999,@115730 Hopefully we'll get there at some point! -Becky
115730,2025-08-12T21:51:23.181110,hey @ChipotleTweets wanna come to Mammoth. I'll at least eat there once a week i promise
ChipotleTweets,2025-08-12T21:51:23.283375,@115731 Guac on! I'm happy it was such a great experience. -Becky
115731,2025-08-12T21:51:23.384240,"@ChipotleTweets I had excellent service tonight too! Plenty of people on the line, went very fast, everyone was kind!"
ChipotleTweets,2025-08-12T21:51:23.486040,@115731 It's because you're smart. -Tara
115731,2025-08-12T21:51:23.586626,When you're the only one in costume #boorito @ChipotleTweets
ChipotleTweets,2025-08-12T21:51:23.687505,@115732 That's incredibly concerning. Please tell us more here: https://t.co/Ax7W1Dx3Y9 -Becky
115732,2025-08-12T21:51:23.787821,@ChipotleTweets no Diet Coke and a literal bone this Boorito was extra spooky! https://t.co/C4oCCtdUct
ChipotleTweets,2025-08-12T21:51:23.888230,@115733 Nope! Still just the $3. -Becky
115733,2025-08-12T21:51:23.988761,"@ChipotleTweets If you get queso or quac on you're bowl, its extra?"
ChipotleTweets,2025-08-12T21:51:24.089414,Just stop by in costume 10/31 3pm-close. Official rules: https://t.co/1HmW7QxwEh https://t.co/Wn0xErxC2z
ChipotleTweets,2025-08-12T21:51:24.189992,"@115734 I mean, Boorito is basically the adult version of Halloween... -Becky"
115734,2025-08-12T21:51:24.291838,"Happy Halloween! Since I'm too old to trick or treat I now look forward to $3 booritos at @ChipotleTweets 👻 I got mine earlier, did you?"
ChipotleTweets,2025-08-12T21:51:24.392849,@115735 I'm so glad we could help. Who did you work with? I'd like to share the praise. -Becky
115735,2025-08-12T21:51:24.494545,@ChipotleTweets Thank you @ChipotleTweets for resolving my issue so quickly!! Y’all are the best ☺️ #fanforlife
115735,2025-08-12T21:51:24.595662,So frustrated with @ChipotleTweets 😡 Ordered dinner on Saturday using their app. Order was wrong AND they charged my credit card twice
ChipotleTweets,2025-08-12T21:51:24.696956,@115736 All of our U.S. locations are participating! -Becky
115736,2025-08-12T21:51:24.797413,"Btw @ChipotleTweets giving out $3 burritos if you dress up for Halloween 🎃 Call your Chipotle to make sure, they’re doing it @ select ones"
ChipotleTweets,2025-08-12T21:51:24.899216,@115737 My apologies for that. Just sent you a DM to help. -Becky
115737,2025-08-12T21:51:24.999386,"@ChipotleTweets Tried, didn't work. How rude :/"
ChipotleTweets,2025-08-12T21:51:25.100696,@115737 Give it a try. -Tara
115737,2025-08-12T21:51:25.202141,@ChipotleTweets can I dress up as myself and still qualify for a BOORITO?
ChipotleTweets,2025-08-12T21:51:25.303233,"@115738 That's the best kind of trick-or-treating. All treats, my friend. -Becky"
115738,2025-08-12T21:51:25.403642,"Every year, my trick-or-treating routine is walking to Chipotle, spending 3 dollars and walking back home. @ChipotleTweets"
ChipotleTweets,2025-08-12T21:51:25.504748,@115739 That's incredibly concerning. Please provide more details so we can investigate: https://t.co/Ax7W1Dx3Y9 -Becky
115739,2025-08-12T21:51:25.605272,@ChipotleTweets this is nasty. A used napkin in someone's food https://t.co/EkWiD9vhnr
ChipotleTweets,2025-08-12T21:51:25.706320,@115740 Bummer. I'm so sorry. How far away is the closest location? -Becky
115740,2025-08-12T21:51:25.807193,$3 burritos and I’m nowhere near a @ChipotleTweets 🤦🏾‍♂️
ChipotleTweets,2025-08-12T21:51:25.908468,@115741 Noted 😊 -Becky
115741,2025-08-12T21:51:26.009166,@ChipotleTweets Also I got the onesie at target. So cozy
115741,2025-08-12T21:51:26.110149,@ChipotleTweets Thanks Becky! Just feeling sorry for myself because my fiancé is driving from D.C. To Mississippi tonight
ChipotleTweets,2025-08-12T21:51:26.210442,"@115741 You won't be alone – we'll be there with you. Also, I want that llama onesie. -Becky"
115741,2025-08-12T21:51:26.311433,Considering walking to @ChipotleTweets in my llama onesie alone happy Halloween 😭
ChipotleTweets,2025-08-12T21:51:26.411709,@115742 I love it! Thanks so much for stopping by. -Becky
115742,2025-08-12T21:51:26.512046,@ChipotleTweets name a better halloween duo #speedwaybrick #UTtranscript https://t.co/5ShDRMlC1T
AskPlayStation,2025-08-12T21:51:26.612505,@115743 There is no info to share at the moment. Feel free to keep an eye on the PS Blog for news and updates: https://t.co/aLtfBAztyC
115744,2025-08-12T21:51:26.712809,@AskPlayStation @115743 Can I get help already??
115743,2025-08-12T21:51:26.813267,"@AskPlayStation So, what's the november ps plus free game?"
AskPlayStation,2025-08-12T21:51:26.914076,"@115745  Glad to know that is downloading, please feel free to contact us if you have further concerns."
115745,2025-08-12T21:51:27.014356,@AskPlayStation It was when I would go to download it. I just waited a few hours till after I bought it and it downloaded now.
AskPlayStation,2025-08-12T21:51:27.116393,@115745 Sorry for the inconvenience. Do you see the data corrupted message when you try to open the game or download it?
115745,2025-08-12T21:51:27.217124,@AskPlayStation I bought Lego Star Wars in the PlayStation store but it won't let me download it because the data is corrupted..
AskPlayStation,2025-08-12T21:51:27.318307,@115746  Glad to help.  Please share the details of this issue in our Community forum for further investigation: https://t.co/F3J4l2vJHb
115746,2025-08-12T21:51:27.418821,@AskPlayStation can i block a community from sending me invites to something i dont want to join
marksandspencer,2025-08-12T21:51:27.519675,"@115747 Glad you had fun, Sarah! We heard Count Collin can really suck the life out of the party  . . . :P"
115747,2025-08-12T21:51:27.622617,We had to have a Count Colin 💛 @marksandspencer xx... https://t.co/HVWkevFsKB
marksandspencer,2025-08-12T21:51:27.723512,"@115748 We've let our team know we can do better, Joel. Thanks for sharing :)"
115748,2025-08-12T21:51:27.824180,"‘Ere @marksandspencer, never mind avocado 🥑 - How’s about ‘ave a word?
Is it really necessary? 

The pair of ‘em were suffocating. https://t.co/ff2bmOVido"
marksandspencer,2025-08-12T21:51:27.924668,"@115749 We're only obligated to provide bags for un-packaged meat. As ours is prepackaged, a charge will be applied"
115749,2025-08-12T21:51:28.025765,@marksandspencer Raw meat!!!! It’s does not say unwrapped raw meat!!! Sainsbury’s don’t charge nor do Waitrose so y do you?!
marksandspencer,2025-08-12T21:51:28.127001,"@115749 As our packaging is sufficient, any extra wrappings or bags does require an extra 5p charge as per legislation. Thanks"
115749,2025-08-12T21:51:28.227997,@marksandspencer I check with the Gov office and legal. They stated you are not right. But it’s funny how the other stores don’t but you do. No wonder Lidl and the rest are beating you.
115749,2025-08-12T21:51:28.329955,"@marksandspencer ou must charge at least 5p a bag (including VAT) for carrier bags that are all of the following:

unused - it’s new and hasn’t already been used for sold goods to be taken away or delivered
plastic and 70 microns thick or less
it has handles, an opening and isn’t sealed"
115749,2025-08-12T21:51:28.431488,"@marksandspencer aren’t require charge 4 a bag:
paper bags
shops in airports, or on board trains, aeroplanes or ships
bags which only contain certain items, such as unwrapped food, raw meat and fish where there is a food safety risk, prescription medicines, uncovered blades, seeds, bulbs &amp; 🌷s"
115749,2025-08-12T21:51:28.532752,@marksandspencer y do they charge you for a meat bag at colliers woods branch. If you buy meat you r required to supply customers a free bag. Poor service.
marksandspencer,2025-08-12T21:51:28.633460,@115750 Love the aesthetic of your Colin the 'Creeperpillar' and someday.... 🐛🦋👻 https://t.co/LFubix5E4y
115750,2025-08-12T21:51:28.734443,Excellent Halloweening @marksandspencer 👌🏼 #countcolin #halloween #food https://t.co/lq1cSooHdj
MicrosoftHelps,2025-08-12T21:51:28.835362,"@115751 Hello, Josh! To get better assistance and support, we suggest that you post a tweet or DM our friends from @XboxSupport."
115751,2025-08-12T21:51:28.935813,"@MicrosoftHelps @XboxSupport Brilliant, thank you!"
115751,2025-08-12T21:51:29.036236,"@MicrosoftHelps hi, having trouble making purchases on Xbox one store for fifa points, can you help?"
MicrosoftHelps,2025-08-12T21:51:29.136994,@115752 Help is here. To assist you in recovering your account we recommend that you contact our Answer desk team: https://t.co/7zSM1QXPMD.
115752,2025-08-12T21:51:29.237524,@MicrosoftHelps I need assistance recovering 2 hotmail accounts. I have  filled the recovery forms but am told am not providing enough info
ATVIAssist,2025-08-12T21:51:29.338173,@115753 It appears this has been removed. Thanks for letting me know :) ^MB
115753,2025-08-12T21:51:29.438745,@ATVIAssist @115754 umm someone is streaming WWII with 500+ viewers https://t.co/AhBT7AZZSz
ATVIAssist,2025-08-12T21:51:29.539927,"@115755  No problem, let us know if you come across any other issues or questions in the future. We are happy to help. ^RK"
115756,2025-08-12T21:51:29.640381,@ATVIAssist @115755 I'm trying to buy the digital deluxe edition on the ps store but I keep receiving an error message
ATVIAssist,2025-08-12T21:51:29.740786,@115756  Hello there. Sorry for the late response. I am just checking if you still in need assistance. Please let me know. ^RN
115755,2025-08-12T21:51:29.841138,@ATVIAssist Thanks
ATVIAssist,2025-08-12T21:51:29.941325,@115755 Yes you can pre order the game on the console store. For more information please contact your console store. ^RK
115755,2025-08-12T21:51:30.042177,@ATVIAssist can you still pre oder ww2 on the playstation store
ATVIAssist,2025-08-12T21:51:30.142708,"@115757 Good afternoon William, unfortunately this app is no longer supported. Sincerest apologies. ^JP"
115757,2025-08-12T21:51:30.243131,@115758 @ATVIAssist Are yous going to update COD Zombies on IOS for IOS 11.
ATVIAssist,2025-08-12T21:51:30.344137,"@115759 Good afternoon Jayden, sadly we don't have information on that. Sincerest apologies. ^JP"
115759,2025-08-12T21:51:30.444690,@115758 Why was there a half gig update for world at war?
ATVIAssist,2025-08-12T21:51:30.545211,@115760 This is awesome! Thank you so much for the support! Love the costumes! ^TV
115760,2025-08-12T21:51:30.645704,@108162 @115761 @ATVIAssist tried that there was people so i came back
ATVIAssist,2025-08-12T21:51:30.746262,@115762 Hey there! You can check out this link for more information in regards to this - https://t.co/OZIlONCLtF ^KO
115762,2025-08-12T21:51:30.846621,"@ATVIAssist So, when I go get the game on friday my 2xp code will be on the receipt?"
ATVIAssist,2025-08-12T21:51:30.947073,@115762 Did gamestop give you a code with your pre order down payment that you needed to redeem? ^KO
115762,2025-08-12T21:51:31.047541,"@ATVIAssist Yes, the beta code"
ATVIAssist,2025-08-12T21:51:31.149322,"@115762 Have you redeemed that on your https://t.co/4YBn633EOk account? Even tho it says beta code, your pre order bonus are linked. ^KO"
115762,2025-08-12T21:51:31.250399,"@ATVIAssist Yes I have, so my code is on their?"
115762,2025-08-12T21:51:31.351135,@ATVIAssist I pre ordered my game at game stop
ATVIAssist,2025-08-12T21:51:31.451644,"@115762 Hello there, I apologize for the delay. Can you clarify where you pre-ordered the game? Please be sure you keep us updated. ^RN"
115762,2025-08-12T21:51:31.553663,@ATVIAssist For double xp^
115762,2025-08-12T21:51:31.655214,@ATVIAssist i pre ordered wwii but how do i get the code?
ATVIAssist,2025-08-12T21:51:31.758080,@115763 Can you please give me your gamertag / platform you're playing on so I can pull up your account information. ^CB
115763,2025-08-12T21:51:31.858989,@ATVIAssist Seth_tubbs and I am on PS4
115763,2025-08-12T21:51:31.959634,@ATVIAssist I got all of my stats reset on MWR and I don't know why. please help!!!
ATVIAssist,2025-08-12T21:51:32.060871,"@115764

Unfortunately we don't have any information on this. Please stay tuned for more updates. ^JW"
115764,2025-08-12T21:51:32.162381,"@115754 @115765 @ATVIAssist @115766 

Will non season pass holders get the bobus man Carentan at any point? Or not at all?"
AdobeCare,2025-08-12T21:51:32.263748,@115767 Sorry that this isn't more simple... let us know if the steps in the video work out or if you need further help ^Madison
115767,2025-08-12T21:51:32.365713,"@AdobeCare Didn't work. Tried it on another computer, fresh install, same thing..."
AdobeCare,2025-08-12T21:51:32.466478,@115767 Would you please DM the Adobe Product &amp; your purchase details that you have so that we can ask our experts to follow up. ^Raj https://t.co/iuwZCjz4Or
115767,2025-08-12T21:51:32.568216,@AdobeCare sure thing
115767,2025-08-12T21:51:32.671779,@AdobeCare the ctrl+alt+shift on load method didn't work. (2/2)
AdobeCare,2025-08-12T21:51:32.772231,"@115767 Hi Jason, could you please try resetting the preferences of Photoshop &amp; let us know if it helps with the issue https://t.co/j3Dj2HDknM   ^SC"
115767,2025-08-12T21:51:32.873744,@AdobeCare Pretty much explained my issue in the quoted tweet... dragging an image onto a canvas no longer center snaps it...
AdobeCare,2025-08-12T21:51:32.974141,"@115767 Hi Jason, please let us know if there is anything we can do to help. Thanks! ^AJ https://t.co/iuwZCjz4Or"
115767,2025-08-12T21:51:33.076118,Any help here @AdobeCare? https://t.co/x50e57UG4E
AdobeCare,2025-08-12T21:51:33.178146,"@115768 Hi Jeffrey, were you able to update to Lightroom Classic CC?   ^Tanuj"
115768,2025-08-12T21:51:33.279815,@AdobeCare nope still down.
AdobeCare,2025-08-12T21:51:33.380365,@115768 Have you tried signing out/back in or reinstalling the CC desktop app? https://t.co/Ne2f7tDTM0 Let us know! ^Madison
115768,2025-08-12T21:51:33.482083,@AdobeCare yes ive done that multiple times. its happened on previous versions as well.
AdobeCare,2025-08-12T21:51:33.582542,@115768 Thanks for confirming. We're looping in an expert who can help you out here. They will reply as soon as they're available. ^Madison
115768,2025-08-12T21:51:33.683094,@AdobeCare ok
115768,2025-08-12T21:51:33.783614,@AdobeCare so..when are they available?
AdobeCare,2025-08-12T21:51:33.884249,@115768 Sorry for this. Let me request the expert to look into this ASAP as he is in office. ^Raj
115768,2025-08-12T21:51:33.984585,@AdobeCare ok. its been very frustrating. i have multiple jobs that i need finished and your application isnt helping.
AdobeCare,2025-08-12T21:51:34.086195,"@115768 Hi Jeffrey, we wanted to check if you had managed to install Lightroom Classic CC. Please let us know if you need further assistance. ^NR https://t.co/iuwZCjz4Or"
115768,2025-08-12T21:51:34.186487,@AdobeCare no its still broken. i deleted it and will probably be getting rid of my membership and return when its working properly. thanks
AdobeCare,2025-08-12T21:51:34.286819,@115768 Jeffrey did you use the process listed in https://t.co/ccvXXUvXuT to delete Lightroom Classic CC? ^Jeff
115768,2025-08-12T21:51:34.387400,@AdobeCare ill just wait for the next big update. ive wasted my time and patience with adobe products
AdobeCare,2025-08-12T21:51:34.488302,@115768 Jeffrey I am sorry to hear that. If you face future errors please review the installation logs. https://t.co/okPwBIqSxR ^Jeff
115768,2025-08-12T21:51:34.590352,@AdobeCare yea ive done everything you guys told me to do. i know its not my mac either as i have the retina imac which is fairly new.
AdobeCare,2025-08-12T21:51:34.690783,"@115768 Hi there, I am looping our expert team to help answer your question. Thanks! ^MC"
115768,2025-08-12T21:51:34.791601,@AdobeCare you guys have been saying that for weeks now. your product went from being great to now unable to work and terrible. very disappointed.
115768,2025-08-12T21:51:34.892798,@115769 whats going on with your app. its totally stuck here for 1 hour and prior to updating froze and didnt work since updating. https://t.co/UpoCzPNqFb
AmazonHelp,2025-08-12T21:51:34.993249,@115770 こんにちは、アマゾン公式です。Fire TV Stickが見れないというのは、どのような状況でしょうか。一般的なトラブルシューティングを記載したヘルプがございますので、ご参照ください。https://t.co/2pbG55qJ7h ET
115770,2025-08-12T21:51:35.093909,"@AmazonHelp ありがとうございます。
今、電話で主人が対応していただいてます。"
115770,2025-08-12T21:51:35.195908,"@AmazonHelp 電話で対応してもらいましたが改良されませんでした。
保証期間も過ぎてるので買い直しになるんでしょうね。"
AmazonHelp,2025-08-12T21:51:35.296479,@115770 カスタマーサービスにてお問い合わせ済みとのことで、お手数をおかけいたしました。リプライいただきありがとうございました。ET
115770,2025-08-12T21:51:35.397230,@AmazonHelp こちらこそありがとうございました。
AmazonHelp,2025-08-12T21:51:35.497933,@115770 恐れ入ります。至らない点も多々あるかとは存じますが、今後ともどうぞよろしくお願いします。ET
115770,2025-08-12T21:51:35.599746,amazonのfireTVstickが見れない😢
XboxSupport,2025-08-12T21:51:35.700720,"@115771 Hi, you can change your Microsoft account email through the steps here: https://t.co/DkEhOHbOYy . If the email your son wants to change to is already associated with a Microsoft account, you'll need to follow those steps to switch the email address on that account too. ^ZM"
115771,2025-08-12T21:51:35.801330,"@XboxSupport can I change me sons Xbox live account to his Hotmail account, currently linked to my Hotmail account"
AdobeCare,2025-08-12T21:51:35.901940,"@115772 Hi there, Lightroom 7.0.1 update was launched recently, please update the app to the latest version.  ^TS"
115772,2025-08-12T21:51:36.005121,@115769 Did u release an update today for Lightroom Classic CC?
AdobeCare,2025-08-12T21:51:36.109350,"@115773 Hi there, please DM us you Adobe id so that we may have a quick look at your account details.   ^Tanuj https://t.co/iuwZCjz4Or"
115773,2025-08-12T21:51:36.211250,"Please tell me why my @115769 has expired, but I’m still being charged????"
AdobeCare,2025-08-12T21:51:36.311527,"@115774 Hi there, you may suggest it as a feature request at: https://t.co/SE1u3g161W .  ^Tanuj"
115774,2025-08-12T21:51:36.412243,@115769 are there any plans to add a fast crop mode for the iPad version of LR? It takes too many taps and slows down workflow.
AdobeCare,2025-08-12T21:51:36.512420,"@115775 Thanks for sharing the file, we'll get back to you with updates as we investigate. ^Wren"
115775,2025-08-12T21:51:36.614103,"@AdobeCare @115776 It’s intermittent for me. This file fails reliably: https://t.co/6m5a1RQEV9

The “Create subfolder” option just makes an empty “svg” folder"
AdobeCare,2025-08-12T21:51:36.714313,"@115776 Unfortunately, we are not able to reproduce it at our end. I'll still be checking with the development team to find out more on this. ^OM https://t.co/3giRhN4vNJ"
115776,2025-08-12T21:51:36.814475,"@AdobeCare Seems pretty widespread: https://t.co/ImomzTHO5j

Don't mean to be a jerk, but it's frustrating when an update breaks core functionality."
AdobeCare,2025-08-12T21:51:36.914768,"@115776 Hi Keelin,
Sorry for the inconvenience. I am able to export SVG in AI CC 2018. Would you mind sharing your workflow, sample file/screenshot? https://t.co/iuwZCjz4Or"
115776,2025-08-12T21:51:37.015019,So apparently the new version of @115777 @115778 has this cool feature where you can't export SVGs. Sick update guys.
AdobeCare,2025-08-12T21:51:37.116859,"@115779 Hi Duncan, please update Lightroom to 6.13 from the following link: https://t.co/9vaI2tzHd6 .  ^Tanuj"
115779,2025-08-12T21:51:37.217983,@115769 I'm worried as if I update my LR6 standalone programme I could lose it due to the new online version....is this true and if so is this fair!
115769,2025-08-12T21:51:37.319579,"Whoa! Come along with Lightroom’s own Ben Warde to get the lowdown: https://t.co/f1FGfdJaNk
https://t.co/6fsIV6WLRV"
AdobeCare,2025-08-12T21:51:37.419832,"@115780 Hi Lauren, can you try changing your forum screen name at https://t.co/gF69gbjWAQ? That should do the trick! ^Madison"
115780,2025-08-12T21:51:37.520270,@115777 your online forum is always broken even when I clear my cookies. https://t.co/dDwRPWnm3t
AdobeCare,2025-08-12T21:51:37.621147,"@115781 Hi Jake, any screenshots you can share? What are you export settings? Is this happening on all files with links? ^Wren"
115781,2025-08-12T21:51:37.722063,"@AdobeCare Here is an example of an export before and after. Export settings are unchanged from default. No, only some files. https://t.co/YbCX6dmddc"
AdobeCare,2025-08-12T21:51:37.822379,"@115781 Hi Jack, is there any way you could send me a file to try exporting on my end to try and replicate? ^Wren https://t.co/iuwZCjz4Or"
AdobeCare,2025-08-12T21:51:37.923367,"@115781 Hi Jack, we're looping the expert back into this conversation. Thanks! ^AJ"
115781,2025-08-12T21:51:38.024047,@AdobeCare Solved this via phone support
115781,2025-08-12T21:51:38.125152,"@AdobeCare InDesign 13.0 is exporting all PDFs with blurry links, but links are not missing in INDD file. JPG export is not blurry. Help!"
AirbnbHelp,2025-08-12T21:51:38.227386,@115782 Thank you for that. We have responded to your DM with more information.
115782,2025-08-12T21:51:38.328045,@AirbnbHelp I've just sent you a message with details. Thanks for your help
AirbnbHelp,2025-08-12T21:51:38.429005,"@115782 Hi there, we would like to help. Please DM us your account's email and reservation code so we can further assist. Thank you."
115782,2025-08-12T21:51:38.530635,"Quand ton @115783 ne ressemble pas à celui que tu as réservé, &amp; qu'en + d'être sale et en sous-sol, tu te retrouves à 10 dans 1 #logement ! https://t.co/BcEIHe38tq"
AirbnbHelp,2025-08-12T21:51:38.632140,@115784 We are sorry to hear this. Please DM your email address and reservation code so we can look into this for you. Thank you.
115784,2025-08-12T21:51:38.733417,@115783 Misrepresentation by host. Asked them to cancel my reservation and refund me over AUD1700 - strict policy. No response. Please help.
XboxSupport,2025-08-12T21:51:38.835345,@115785 Hi there! We'd recommend reaching out to the chat team here: https://t.co/UrUi80i54l ^JA
115785,2025-08-12T21:51:38.936351,@XboxSupport They have no info either..
XboxSupport,2025-08-12T21:51:39.036788,@115785 We'd recommend keeping an eye out on your email that is associated with your account for further info.  ^JA
115785,2025-08-12T21:51:39.137444,@XboxSupport Lol so there's no one @115786 who can say when they're going to be shipped...? That's kinda weird
115785,2025-08-12T21:51:39.238323,@XboxSupport @115786 When someone @115786 or @15913 @115787 @115788 knows when the xbox one x ships let us know.  Lol shouldn't b a mystery..
XboxSupport,2025-08-12T21:51:39.339147,"@115785 @115786 Did you pre-order this console via the Microsoft store? If so, then let's have you reach out here: https://t.co/jY7fDjTzLd ^JA"
115785,2025-08-12T21:51:39.440586,"@XboxSupport @115786 Kinda need to make sure I have 680$ cdn in my bank, so would be nice to know.. I dun just have cash laying around ya know #RealLifeStruggles"
115785,2025-08-12T21:51:39.541508,@XboxSupport @115786 Already did they had me call and no one can answer the question.  I'm not trying to be a jerk but it's nuts no one has a answer..
115785,2025-08-12T21:51:39.641967,@XboxSupport @115786 @115787 @15913 Would like to know so I can make sure I have enough money for it...
115785,2025-08-12T21:51:39.744136,@XboxSupport @115786 @115787 @15913 can anyone let me know when our pre orders are going to be shipped for xbox one x??
XboxSupport,2025-08-12T21:51:39.845676,@115789 Hello! Would you mind following us and sending a DM with your gamertag and the code you redeemed?  ^RR
115789,2025-08-12T21:51:39.946360,@115790 @XboxSupport redeemed a code for fifa points this afternoon and still haven't got it. Why is this?
XboxSupport,2025-08-12T21:51:40.046832,@115791 Can you show us what is appearing on your screen? ^RM
115791,2025-08-12T21:51:40.147962,@XboxSupport This is what's on my screen? Not sure if it's Xbox side or my5 side that's broken? Last time it was my5 as had to call head office about it! https://t.co/jnMIVOlNbS
115791,2025-08-12T21:51:40.248885,"@1520 @XboxSupport  the 5 app on Xboxes not working error code 200, done a power cycle and still the same? Please fix app"
AmazonHelp,2025-08-12T21:51:40.350803,@115792 ご不便をおかけしております。アプリをご利用でしょうか。強制停止&gt;端末の再起動にて改善する場合がございますので、お試しください。改善しない場合は、状況を確認しご案内させていただきますのでこちらからカスタマーサービスまでご連絡ください。https://t.co/NtNAX2Qh2u ET
115792,2025-08-12T21:51:40.452852,amazonプライムビデオ、再生エラーが多いです
nationalrailenq,2025-08-12T21:51:40.553931,"@115793 @115794 Hi. Emergency services are dealing with an incident, info here: https://t.co/XSpQ4dhtvk"
115793,2025-08-12T21:51:40.655595,"@115794 @115795 my colleagues @nationalrailenq for more info on how this is affecting services, thanks. 2/2 ^JP"
115794,2025-08-12T21:51:40.756873,@115795 @115796 Ah maybe @115793 could help on this one
115795,2025-08-12T21:51:40.857575,"@115794 @115796 Nothing, partner was on a train to Preston had to get a Taxi rest of way as was told no trains into Preston for a few hours"
115794,2025-08-12T21:51:40.958310,@115795 @115796 What have you seen?
115795,2025-08-12T21:51:41.060054,Something going on at Preston train station ? @115796
AirAsiaSupport,2025-08-12T21:51:41.161634,"@115797 Hi Loreen,kindly DM us your booking number and attach guest passport copy, we'll fix it for you, see you there!- Anwar"
115797,2025-08-12T21:51:41.262717,@AirAsiaSupport Hi! I have DM u my booking # and passport picture thanks so much for quick action
AirAsiaSupport,2025-08-12T21:51:41.364705,"@115797 Hi Loreen,correction done! :) See you on board! Cheers!- Anwar"
115797,2025-08-12T21:51:41.465125,@AirAsiaSupport thank you very much..
115797,2025-08-12T21:51:41.566383,@AirAsiaSupport Hi! i would like to know on my itenerary on how the birthday can be seen. i would like to double check if i can key in our birthdays right 🙂
AirAsiaSupport,2025-08-12T21:51:41.666804,"@115797 Hi Loreen, you may check the passenger's date of birth via AirAsia member account under manage booking. Thanks-Sha"
115797,2025-08-12T21:51:41.767216,@AirAsiaSupport but i cant see it. i only see itenerary.. no birthday
AirAsiaSupport,2025-08-12T21:51:41.867749,@115797 As you may check it under manage my booking online or during web check in. Date of birth will be shown accordingly.- Ed
115797,2025-08-12T21:51:41.970609,@AirAsiaSupport Hi Airasia. i want to rebook my return flight. but when i try rebooking my inbond also is rebooking. please help me. thanks
AirAsiaSupport,2025-08-12T21:51:42.071091,@115797 Hi Loreen :) Kindly DM us the booking number that you wish to do change flight for us to assist you further-Thanks-Anwar
115797,2025-08-12T21:51:42.172367,@AirAsiaSupport hi!  I have booked my ticket and when i see my itenary has been redundant i call ur customer service to assist but out of line.
AirAsiaSupport,2025-08-12T21:51:42.272988,@115797 Sorry as we checked booking has already expired due to no payment made. Kindly please proceed with new booking - Ed
115797,2025-08-12T21:51:42.375043,@AirAsiaSupport lost my booking # chua loreen lee flight z2 129.128 12/22-01/8 taipei-manila. __email__
115798,2025-08-12T21:51:42.475643,"Lost your booking number? No worries, just drop me the passenger's name, flight details and email. I'll trace it and email u in no time :)"
AirAsiaSupport,2025-08-12T21:51:42.576671,"@115799 Hi Emma, Could you please follow us so we can DM you again with the email reply sent to you  =) Yana"
115799,2025-08-12T21:51:42.677173,"@AirAsiaSupport Hi Yana, followed!"
AirAsiaSupport,2025-08-12T21:51:42.777876,"@115799 Hi Emma, We have replied to you via DM. please check again, Thank you- Mariya"
115799,2025-08-12T21:51:42.878413,@AirAsiaSupport Hi Yana I don’t have any DMs from you. Did you mean email?
AirAsiaSupport,2025-08-12T21:51:42.978948,@115799 We have replied to you via DM. Check it out =) Yana
115799,2025-08-12T21:51:43.080118,@AirAsiaSupport CAS-19708536-CB92N2 CRM:0326600 Please check on this I haven't heard from my case officer in weeks and provided all docs.
AirAsiaSupport,2025-08-12T21:51:43.182015,@115800  notified if there should be any changes-Yana
115800,2025-08-12T21:51:43.282924,@115801 @115802 @AirAsiaSupport You'll be even happier to know that the restrictions around the volcano area have been lifted. Enjoy staying at home pal! 😂😂😂😂 #unlucky
115801,2025-08-12T21:51:43.384312,@115802 @AirAsiaSupport Why are you not refunding my trip to Bali for Volcano eruption!!! Urgently refund!!
AirAsiaSupport,2025-08-12T21:51:43.485164,@115800 We are terribly sorry but we could not offer any options since all the flight are operating as per normal.Passengers will be
AirAsiaSupport,2025-08-12T21:51:43.586679,"@115797 Hi Looreen :) Kindly DM us the booking number and attach guest passport copy, we'll fix it for you, see you there! -Anwar"
115797,2025-08-12T21:51:43.688177,@AirAsiaSupport my surname has been redundant where do i go to correct it?
AirAsiaSupport,2025-08-12T21:51:43.789724,@115797 H
Morrisons,2025-08-12T21:51:43.891003,@115803 Please don't tell me Carol!! I can't wait to go home &amp; find out!! - Chloe
115803,2025-08-12T21:51:43.992058,@Morrisons My lips are sealed 😋
Morrisons,2025-08-12T21:51:44.092369,@115803 Somebody else has told me!! I'm gutted :( - Chloe
115803,2025-08-12T21:51:44.192817,"@Morrisons Aahhrrgh! Keep mum, I’m still watching 😄"
Morrisons,2025-08-12T21:51:44.293117,"@115803 Don't you worry Carol, my lips are shut!! - Chloe"
115803,2025-08-12T21:51:44.393374,"@Morrisons Aww, Sophie deserved winner 👏😄"
115803,2025-08-12T21:51:44.495086,Fresh cream palmier @Morrisons bakery Bellshill gets my vote for #star baker 👨‍🍳😘😋💗just catching up on #gbbo17 don’t know who won yet 😄
Morrisons,2025-08-12T21:51:44.595956,"@115804 Hi there, sorry about that. Please DM me when you visited the store and I'll look into this. Thanks - Kirsty"
115804,2025-08-12T21:51:44.696931,"@Morrisons That's pointless as it's every day, all the time. No matter when I go in. I speak 2the management who r as fed up as I am. They've no staff."
Morrisons,2025-08-12T21:51:44.798240,@115804 So sorry! Could you send me what store this is in so we can get this to the right people? - Janay
Morrisons,2025-08-12T21:51:44.899173,"@115804 I can see you've sent the store, leave it with us and we'll get this sorted :) - Janay"
115804,2025-08-12T21:51:44.999743,@Morrisons so fed up of this very familiar sight at Houghton Regis. Get more staff &amp; stock the place properly. This is just a small example https://t.co/CummsXx7jc
Morrisons,2025-08-12T21:51:45.100015,"@115805  store you bought it from, along with your address and More Card number and I'll get this sorted for you. Thanks - Kirsty"
115805,2025-08-12T21:51:45.200282,"@Morrisons 3 for £6, unless one is reduced (hidden label on the side!) then it’s 3 for £6.14. Don’t care about the 14p but feel ripped off! https://t.co/jG0fTncMDr"
Morrisons,2025-08-12T21:51:45.300637,"@115805 Hi Emma, sorry about that. If a product is reduced then the previous offer isn't applied. Please DM me the barcode and the"
NikeSupport,2025-08-12T21:51:45.401594,"@115806 You're welcome, William. Give us a shout if you need assistance with anything else. Good luck with the NRC app."
115806,2025-08-12T21:51:45.502405,@NikeSupport Thank you nike
NikeSupport,2025-08-12T21:51:45.602961,@115806 While the Coach plans can be weeks in time. It's up to you to decide what fits you best. (2/2)
115806,2025-08-12T21:51:45.703512,"@NikeSupport I'm new to nike+ run club app,  should i start with guided runs or my couch?"
NikeSupport,2025-08-12T21:51:45.804763,@115806 We got this. Both are beneficial to starting the NRC app. The Audio Guided runs are one time runs. (1/2)
AskAmex,2025-08-12T21:51:45.906033,@115807 What exactly is the issue you are having?
115807,2025-08-12T21:51:46.006417,@AskAmex I’ve asked your sales rep about the payments and she wasn’t ready to listen to any issues that I had.
AskAmex,2025-08-12T21:51:46.107658,"@115807 Apologies for all of the issues. If you have time to chat securely with me, I would be happy to review. ^Rachel"
115807,2025-08-12T21:51:46.208562,@AskAmex Sure. Please drop me a message now.
AskAmex,2025-08-12T21:51:46.309081,@115807 Great. Please go to https://t.co/crJMnNwi0H log in and select code 10307  and we will continue our conversation there. ^RK
115807,2025-08-12T21:51:46.410095,@AskAmex Amex Platinum and Amex everyday card.
AskAmex,2025-08-12T21:51:45.687837,@115807 I am so sorry to hear that. Which U.S. based card do you have? Pls do not share any personal info.
115807,2025-08-12T21:51:45.788810,@AskAmex Nope. They weren’t ready to listen what I wanted to say and if I had any questions about anything else and hung up on me.
AskAmex,2025-08-12T21:51:45.889267,"@115807 Hi there, I am so sorry to her that. what exactly is the issue you are having?"
115807,2025-08-12T21:51:45.990172,@AskAmex Thought Amex values their customers. But boy you got really bad reps on the customer service.
McDonalds,2025-08-12T21:51:46.091142,@115808 It’s getting all sorts of saucy over here this #Halloween. #TrickorTweet https://t.co/aNlYZYvL1U
115808,2025-08-12T21:51:46.192334,@McDonalds Treat!
McDonalds,2025-08-12T21:51:46.294784,So what’ll it be this #Halloween: a trick or a treat? Let us know below. #TrickorTweet https://t.co/xwjAZp0C2v
McDonalds,2025-08-12T21:51:46.396202,"@115809 Our heart’s beating faster over here, and it’s not from all the scares. #TrickorTweet https://t.co/Wte8FLiFJ7"
115809,2025-08-12T21:51:46.497238,@McDonalds Treat me!
McDonalds,2025-08-12T21:51:46.597605,@115810 Chocolate chip cookies + McFlurry = everything you’ve ever been missing. #TrickorTweet https://t.co/4YfWChLNKT
115810,2025-08-12T21:51:46.698044,@McDonalds Can I get uhhhhhhhhhh... treat?
YahooCare,2025-08-12T21:51:46.799776,@115811 Hi - are you receiving an error message when trying to link the account?
115811,2025-08-12T21:51:46.900674,"@115812 I cant Connect my Interactive Broker ( Canada) with yahoo finance App in ios 11, Any suggestions.. ??"
AskLyft,2025-08-12T21:51:47.001195,"@115813 Hi there, thanks for reaching out. Please send us a DM so we can continue our conversation. https://t.co/SXpdictw1A"
115813,2025-08-12T21:51:47.101872,@AskLyft I have to be at work at 2pm tomorrow. My new phone is being overnighted but it may not be there until then. I have no other ride.
UPSHelp,2025-08-12T21:51:47.202792,@115814 Please let us know how we can help and DM your tracking # using this link. ^MC https://t.co/wKJHDXWGRQ
115814,2025-08-12T21:51:47.303600,whats wrong w/ amazon leavin shit outside like ups...🤔
UPSHelp,2025-08-12T21:51:47.404838,@115815 I'm sorry to hear that. Let us know what happened and if you have a tracking # please send that too. ^MC https://t.co/wKJHDXWGRQ
115815,2025-08-12T21:51:47.506684,@115816 that small biz tyrant a dime yo. nice @115817
115816,2025-08-12T21:51:47.608098,"Worth the squeeze: when you’ve got us helping you along the way, owning your own #smallbiz can be quite fruitful! https://t.co/AgBM1TRAcD"
Delta,2025-08-12T21:51:47.709067,"@115818 Glad to check. Pls, DM your confirmation number for assistance.  *QB https://t.co/6iDGBJAc2m"
115818,2025-08-12T21:51:47.810260,@Delta DM sent
115818,2025-08-12T21:51:47.911948,@DELTA i booked my flight using delta amex card. Checking in now &amp; was being charged for baggage
McDonalds,2025-08-12T21:51:48.014355,@115819 Don't forget - this Sunday is Bring Your Grandma to McDonald's Day. See you then!
115819,2025-08-12T21:51:48.115453,@McDonalds My granny will be attending @ the McD’s in Heaven!  Would give anything to be able to bring her myself!
115819,2025-08-12T21:51:48.215952,My grandma's laying #Poolside thanks to @McDonalds delicious New #ButtermilkCrispyTenders https://t.co/4sy9hatKTi
AmazonHelp,2025-08-12T21:51:48.316601,"@115820 I'm sorry we've let you down! Without providing any personal information, will you describe the issue? We'd love to help. ^TN"
115820,2025-08-12T21:51:48.417486,"@AmazonHelp 3 different people have given 3 different answers and I still don't have my order. Says delivered Saturday, was not, I was home all day"
AmazonHelp,2025-08-12T21:51:48.518177,@115820 We'd like to take a further look into this with you! Please reach us by phone or chat here: https://t.co/hApLpMlfHN ^AG
115820,2025-08-12T21:51:48.618874,"@AmazonHelp I frankly don't have the patience for another chat with your ""customer service"" people today."
115820,2025-08-12T21:51:48.719951,Way to drop the ball on customer service @115821 so pissed right now!
AmazonHelp,2025-08-12T21:51:48.821027,"@115822 I am unable to affect your account via Twitter. For real time support, phone or chat use this link: https://t.co/hApLpMlfHN ^CH"
115822,2025-08-12T21:51:48.921675,@115823 I want my amazon payments account CLOSED.  dm me please.
AmazonHelp,2025-08-12T21:51:49.023302,"@115824 Hi, wir erhalten die Filme/Serien so vom jeweiligen Studio. Gebe ich aber direkt als Feedback dorthin weiter. Gruß ^JS"
115824,2025-08-12T21:51:49.123702,"@AmazonHelp Okay, danke für die Info"
AmazonHelp,2025-08-12T21:51:49.224280,@115824 Wir haben zu danken. Schönen Abend noch. ^JS
115824,2025-08-12T21:51:49.324899,"@115825 also, beim Addams Family-Film in Prime sind Bild und Ton nicht wirklich synchron. Wie kommt's?"
AmazonHelp,2025-08-12T21:51:49.426293,@115826 I'm sorry for the wait. You'll receive an email as soon as we have an estimated delivery date. ^FJ
115827,2025-08-12T21:51:49.526694,@AmazonHelp @115826 Yeah this is crazy we’re less than a week away and still no Shipping Information on something that we Pre-ordered back in August
AmazonHelp,2025-08-12T21:51:49.627147,@115827 Thanks for your patience. ^KM
115826,2025-08-12T21:51:49.728238,@115828 How about you guys figure out my Xbox One X project Scorpio edition first. No expected delivery or shipping date and it’s only a week away
115828,2025-08-12T21:51:49.829815,PLAYERUNKNOWN'S BATTLEGROUNDS is now available for preorder on Xbox One consoles - https://t.co/bqLHcBDqAb https://t.co/muLIqeHq0o
AmazonHelp,2025-08-12T21:51:49.931139,@115829 I'm sorry your order arrived in this condition! Please reach out to us for available options: https://t.co/JzP7hlA23B ^DG
115829,2025-08-12T21:51:50.032594,"@115830 my package was ‘accidentally’ opened.. 4 items missing worth £97.
You need better delivery drivers!! https://t.co/f6SaVBSMqM"
AmazonHelp,2025-08-12T21:51:50.133862,@115831 I'm sorry for the wait. Please reach out to us so we can take a closer look at this delivery: https://t.co/JzP7hlA23B ^SH
115831,2025-08-12T21:51:50.234808,@115821 @AmazonHelp why is my order at my local courier for the last 6 days and still hasn’t been delivered to me?? Over 1 week late 😡
AmazonHelp,2025-08-12T21:51:50.336221,@115832 Alexa says both styles are working for you! My vote goes to the Flamingo look! ^SE
115832,2025-08-12T21:51:50.437571,"Thanks for the style advice, @115833 look ...I think? #Halloween2017 #flamingo https://t.co/XvI54La043"
AmazonHelp,2025-08-12T21:51:50.538727,@115834 Were you able to reach us at the link DW provided? ^TR
115834,2025-08-12T21:51:50.640267,@AmazonHelp Hi ready for some help
AmazonHelp,2025-08-12T21:51:50.741153,"@115834 The Echo Show is supported, please reach us for some live troubleshooting at your convenience: https://t.co/hApLpMlfHN ^DW"
115834,2025-08-12T21:51:50.841457,@AmazonHelp Is the Echo Show no longer supported?
115834,2025-08-12T21:51:50.943705,@AmazonHelp Nothing there helped me with the Echo Show
AmazonHelp,2025-08-12T21:51:51.045343,"@115834 Oh no, I'm sorry for the issues! For troubleshooting, please check out our Echo Help pages here: https://t.co/a31c4ynHES ^SG"
115834,2025-08-12T21:51:51.148085,"Bought an @115821 Echo Show and it won’t recognize a single @AmazonHelp account in our household. WTF, guys?"
AmazonHelp,2025-08-12T21:51:51.248928,@115835 I'm so sorry you didn't receive your parcel! We'd like a chance to look into this with you here: https://t.co/JzP7hlA23B ^SY
115835,2025-08-12T21:51:51.350740,@AmazonHelp That page is useless - doesn’t allow me to state it hasn’t been delivered; only tells me it has! How can you sort this out?
AmazonHelp,2025-08-12T21:51:51.452071,@115835 You can also request a call back here Martin https://t.co/zH8UlhTGcc ^KM
115835,2025-08-12T21:51:51.553227,.@AmazonHelp Item has not been delivered but tracking says it was handed to me over an hour ago... 2nd time this has happened. Sort it out https://t.co/42W82GcARk
AmazonHelp,2025-08-12T21:51:51.655064,@115836 Thanks for bringing this to our attention! Please also leave packing feedback here: https://t.co/PMiShxgPvp so we may improve.^KL
115836,2025-08-12T21:51:51.756902,"In response to your @115830 packing video, this packaging was for a 2ft washing line pole @115837 https://t.co/X21SQHgC0K"
AmazonHelp,2025-08-12T21:51:51.858974,@115838 Oh no! We want to hear more about your experience with AMZL. Please provide your feedback here: https://t.co/hApLpMlfHN ^SH
115838,2025-08-12T21:51:51.959755,"@AmazonHelp I don't want a form to fill out that logs a response no one reads. I want to prevent AMZL from touching my stuff. Possible, or no?"
AmazonHelp,2025-08-12T21:51:52.061608,"@115838 Is there a current order you're having difficulties with? Please let us know, we'd like to help! ^KL"
115838,2025-08-12T21:51:52.162772,@AmazonHelp Already started the return. UPS gets it from my doorstep tomorrow. Order 111-5014070-4118645
AmazonHelp,2025-08-12T21:51:52.264352,@115838 Provide your details here: https://t.co/6f6cWZv7vm and my team will escalate the order to Amazon Logistics for feedback. ^EZ
115838,2025-08-12T21:51:52.365892,@AmazonHelp Is it possible to prevent AMZL from delivering my packages moving forward? Stuff is either lost/stolen/broken EVERY time.
AmazonHelp,2025-08-12T21:51:52.467956,@115839 Let us know if there’s anything else we can do for you! We're happy to help out any way we can! ^FR
115839,2025-08-12T21:51:52.568620,"@AmazonHelp Already handled, just venting. It was a pretty big bummer."
AmazonHelp,2025-08-12T21:51:52.670411,@115839 I'm sorry your book arrived this way! You can find replacement/refund options here: https://t.co/zRrkpVcaDF ^VS
115839,2025-08-12T21:51:52.771154,"@115821, it’d be nice if the book I waited 4 months for wasn’t damaged inside of an undented box. #twinpeaks #twin… https://t.co/Lac4K7iQzJ https://t.co/JroqJKrH9Q"
AmazonHelp,2025-08-12T21:51:52.873378,@115840 ¡Que lindoooooooooo! 😍🐶🎃 ^JJ https://t.co/YSOVnjaPrO
115840,2025-08-12T21:51:52.974597,@115841 @115821 Feliz #Halloween2017 https://t.co/edHbRDnM8x
115841,2025-08-12T21:51:53.075218,CONCURSO 👻🎃:Tarjetas regalo en @115821 por tu foto en la cama disfrazado y #ColchonMorfeoHalloween en los post promo:https://t.co/xAsY6KwLZa https://t.co/7yOZvlwBwN
AmazonHelp,2025-08-12T21:51:53.176560,"@115842 Oh no! Please contact us via phone/chat here: https://t.co/JzP7hlA23B
We're unable to view order details via Twitter. ^KL"
115842,2025-08-12T21:51:53.277897,"@AmazonHelp delivery I paid for today,didn’t arrive.why not?i paid enough for it.where is it??I’m unhappy.refund the delivery charge"
AmazonHelp,2025-08-12T21:51:53.378652,@115843 You're not lion! She even shows witch way is up! That's quite the wardrobe! ^AC
115843,2025-08-12T21:51:53.480226,@AmazonHelp Aww your reply made her night!
115843,2025-08-12T21:51:53.580753,"Anna Inspired in idea lab at school to be @115821 package being shipped to Narnia! ""Amazon can go anywhere"" according to Anna. https://t.co/TyvKhuu7su"
AmazonHelp,2025-08-12T21:51:53.681229,@115844 Oh my! I'm sorry for the troubles! Contact us by Phone or Chat: https://t.co/JzP7hlA23B &amp; we'll be glad to help! ^FR
115844,2025-08-12T21:51:53.781732,@AmazonHelp I just said it's been sorted! I've been refunded! I'm just not impressed with the service any more.
115844,2025-08-12T21:51:53.881914,@115845 They sent the feckin' order to Germany! Some dozy driver is looking for an address in the wrong country! I'm so done with Amazon!
115845,2025-08-12T21:51:53.982192,@115844 WHAT IN THE WORLD?!
115844,2025-08-12T21:51:54.082477,"I'm NEVER using Amazon again! After waiting in all day as item is ""out for delivery"", they've only gone and sent it to the WRONG COUNTRY!"
AmazonHelp,2025-08-12T21:51:54.183772,@115846 That's okay! Thanks for checking! Please contact us by phone or chat and we can look into this: https://t.co/hApLpMlfHN ^BN
115846,2025-08-12T21:51:54.284255,@115847 @115821 Yeah idk the shipping company and it says “mike Ziemer” signed for it in the mail room at our building lol
115847,2025-08-12T21:51:54.385236,@115846 @115821 Remember my head phones and they brought them within minutes
115846,2025-08-12T21:51:54.488472,My package from @115821 with my Halloween costume was “delivered” Friday but I don’t have I so searching everywhere for a last minute idea.
AmazonHelp,2025-08-12T21:51:54.591307,@115848 I'm sorry for the trouble this has caused you; please contact us so we may lend you a hand: https://t.co/hApLpMlfHN ^WM
115848,2025-08-12T21:51:54.696126,@115821  https://t.co/Gb0beuA3IN
115848,2025-08-12T21:51:54.803787,How @115821 packages china https://t.co/fO9vbus18E
AmazonHelp,2025-08-12T21:51:54.903873,@115849 Please share your details here:https://t.co/GIJyeYqKE0 and I'll get back to you. 2/2 ^HD
115849,2025-08-12T21:51:55.004055,@AmazonHelp Details sent. Please check.
AmazonHelp,2025-08-12T21:51:55.104222,@115849 Thanks for confirming that the details have been shared. Our team will give it a look and reach out shortly. ^AB
115849,2025-08-12T21:51:55.211249,@AmazonHelp Already contacted 3-4 times in the last month. But all I got was assurance that matter is escalated &amp; new status will be provided in 1 day!
AmazonHelp,2025-08-12T21:51:55.311488,@115849 Please report this to our support team here: https://t.co/TdDksLo6Mf and we'll look into this. 2/2 ^HD
115849,2025-08-12T21:51:55.411937,@115850 @115821 @AmazonHelp @115851 Order# 3632693-6196346. You couldn't deliver EVEN AFTER A MONTH. You should be ashamed of yourself.
AmazonHelp,2025-08-12T21:51:55.512478,@115852 We still offer discounts on eligible physical game pre-orders. For further details on Prime benefits: https://t.co/80y2YnlQGJ ^MB
115852,2025-08-12T21:51:55.613286,@AmazonHelp since when you stop giving 20% off videogame pre-orders (amazon prime members) im confused? why?
AmazonHelp,2025-08-12T21:51:55.713567,@115853 I'm sorry we let you down! We'd like to make sure this is addressed. Please provide some details here: https://t.co/z6evtFsZI5 ^BN
115853,2025-08-12T21:51:55.814082,Just pulled another #Amazon delivery out of the bushes since the #amzl people can’t walk the extra 2 ft to my door. So tired of this.
AppleSupport,2025-08-12T21:51:55.914870,@115854 We're here for you. Which version of the iOS are you running? Check from Settings &gt; General &gt; About.
115854,2025-08-12T21:51:56.027510,@AppleSupport The newest update. I️ made sure to download it yesterday.
AppleSupport,2025-08-12T21:51:56.128140,@115854 Lets take a closer look into this issue. Select the following link to join us in a DM and we'll go from there. https://t.co/GDrqU22YpT
115854,2025-08-12T21:51:56.229389,@AppleSupport  https://t.co/NV0yucs0lB
115854,2025-08-12T21:51:56.329806,@AppleSupport why are my I️’s changing not showing up correctly on any of my social media platforms? https://t.co/GyRvpyVnkE
AppleSupport,2025-08-12T21:51:56.431066,@115855 Let's go to DM for the next steps. DM us here: https://t.co/GDrqU22YpT
115855,2025-08-12T21:51:56.531570,@AppleSupport Tried resetting my settings .. restarting my phone .. all that
AppleSupport,2025-08-12T21:51:56.631965,@115855 Any steps tried since it started last night?
115855,2025-08-12T21:51:56.732544,@AppleSupport This is what it looks like https://t.co/XCQU2l4xUB
AppleSupport,2025-08-12T21:51:56.833177,@115855 That's great it has iOS 11.1 as we can rule out being outdated. Any steps tried since this started? Do you recall when it started?
115855,2025-08-12T21:51:56.933428,@AppleSupport I️ have an iPhone 7 Plus and yes I️ do
AppleSupport,2025-08-12T21:51:57.033882,@115855 We'd like to look into this with you. Which model do you have and is iOS 11.1 installed? Any steps tried so far?
115855,2025-08-12T21:51:57.134303,@AppleSupport I️ need answers because it’s annoying 🙃
115855,2025-08-12T21:51:57.234977,Why are my I’s question marks ?
115855,2025-08-12T21:51:57.335516,What is up with this “ I️ “
AppleSupport,2025-08-12T21:51:57.436352,"@115856 Hey, let's work together to figure out what's going on. Meet us in DM and we'll continue from there. https://t.co/GDrqU22YpT"
115856,2025-08-12T21:51:57.537461,@AppleSupport Just sent you all my DM
115856,2025-08-12T21:51:57.638746,"Hey @AppleSupport and anyone else who upgraded to ios11.1, are y’all having issues with capital “I️” in the Mail app? As it puts in “A”?"
AppleSupport,2025-08-12T21:51:57.739588,@115857 We'd like to investigate further with you. Send us a DM and we can troubleshoot more from there. https://t.co/GDrqU22YpT
115857,2025-08-12T21:51:57.841662,@AppleSupport This is what is happening... https://t.co/X3SZSJXfAT
AppleSupport,2025-08-12T21:51:57.942922,"@115857 Fill us in on what is happening, then we can help out from there."
115857,2025-08-12T21:51:58.043697,Tf is wrong with my keyboard @115858
AppleSupport,2025-08-12T21:51:58.145228,@115859 We've received your DM and will continue there.
115859,2025-08-12T21:51:58.247098,@AppleSupport are the call centres closed for the night?
AppleSupport,2025-08-12T21:51:58.348052,@115859 What's going on? We're hapy to help if we can. https://t.co/GDrqU22YpT
115859,2025-08-12T21:51:58.449614,@115858 @AppleSupport hello are all the lines closed for tonight #help
AppleSupport,2025-08-12T21:51:58.550379,"@115860 Reach out to us via DM, and we can take a look at this with you. https://t.co/GDrqU22YpT"
115860,2025-08-12T21:51:58.652283,@115861 @115862 @AppleSupport I️ upgraded. I️t didn’t work.
115861,2025-08-12T21:51:58.752826,@115862 @AppleSupport I will!
115862,2025-08-12T21:51:58.855029,@AppleSupport @115861 We’re going to need you to share the answers Angela. I️ can’t stand this!
AppleSupport,2025-08-12T21:51:58.955939,"@115861 You're in the right place; we'll do all we can to help. To start, let us know what iOS version is installed via DM: https://t.co/GDrqU22YpT"
115861,2025-08-12T21:51:59.056995,"Hello, internet. Can someone explain why this symbol keeps appearing on my phone and when I️ try to type the letter I️? Also @AppleSupport https://t.co/QKwvTLtiN7"
AppleSupport,2025-08-12T21:51:59.157654,@115863 Go ahead and send us a DM please. Let us know the country you're in.
115863,2025-08-12T21:51:59.258394,@AppleSupport I’ve got a screenshot saying my #iPhoneX is reserved for the 3rd then an email saying it’s the 18th... what happened?
AppleSupport,2025-08-12T21:51:59.358737,"@115864 We'd like to help, but we'll need more details. What's happening on your device and which model is it? Do you have iOS 11.1?"
115864,2025-08-12T21:51:59.459782,@AppleSupport I have the iPhone 6s Plus and just did the most recent update.
AppleSupport,2025-08-12T21:51:59.561079,"@115864 To make sure, is iOS 11.1 installed on it currently? Also, any steps tried so far? DM us here: https://t.co/GDrqU22YpT"
115864,2025-08-12T21:51:59.662121,Thank you @AppleSupport I updated my phone and now it is even slower and barely works. Thank you for ruining my phone.😤
AppleSupport,2025-08-12T21:51:59.762881,@115865 Thanks! Which iOS version is currently showing in Settings &gt; General &gt; About?
115865,2025-08-12T21:51:59.863984,@AppleSupport iOS 11.0.3
AppleSupport,2025-08-12T21:51:59.965445,"@115865 Let's check Settings &gt; General &gt; Software Update. iOS 11.1 was released earlier today. If you see it, please backup &amp; update."
