id,user,text,timestamp
1,user1,hello from row 1,2000-01-01T00:00:00Z
2,user2,hello from row 2,2000-01-01T00:00:00Z
3,user3,hello from row 3,2000-01-01T00:00:00Z
4,user4,hello from row 4,2000-01-01T00:00:00Z
5,user5,hello from row 5,2000-01-01T00:00:00Z
6,user6,hello from row 6,2000-01-01T00:00:00Z
7,user7,hello from row 7,2000-01-01T00:00:00Z
8,user8,hello from row 8,2000-01-01T00:00:00Z
9,user9,hello from row 9,2000-01-01T00:00:00Z
10,user10,hello from row 10,2000-01-01T00:00:00Z
11,user11,hello from row 11,2000-01-01T00:00:00Z
12,user12,hello from row 12,2000-01-01T00:00:00Z
13,user13,hello from row 13,2000-01-01T00:00:00Z
14,user14,hello from row 14,2000-01-01T00:00:00Z
15,user15,hello from row 15,2000-01-01T00:00:00Z
16,user16,hello from row 16,2000-01-01T00:00:00Z
17,user17,hello from row 17,2000-01-01T00:00:00Z
18,user18,hello from row 18,2000-01-01T00:00:00Z
19,user19,hello from row 19,2000-01-01T00:00:00Z
20,user20,hello from row 20,2000-01-01T00:00:00Z
21,user21,hello from row 21,2000-01-01T00:00:00Z
22,user22,hello from row 22,2000-01-01T00:00:00Z
23,user23,hello from row 23,2000-01-01T00:00:00Z
24,user24,hello from row 24,2000-01-01T00:00:00Z
25,user25,hello from row 25,2000-01-01T00:00:00Z
26,user26,hello from row 26,2000-01-01T00:00:00Z
27,user27,hello from row 27,2000-01-01T00:00:00Z
28,user28,hello from row 28,2000-01-01T00:00:00Z
29,user29,hello from row 29,2000-01-01T00:00:00Z
30,user30,hello from row 30,2000-01-01T00:00:00Z
31,user31,hello from row 31,2000-01-01T00:00:00Z
32,user32,hello from row 32,2000-01-01T00:00:00Z
33,user33,hello from row 33,2000-01-01T00:00:00Z
34,user34,hello from row 34,2000-01-01T00:00:00Z
35,user35,hello from row 35,2000-01-01T00:00:00Z
36,user36,hello from row 36,2000-01-01T00:00:00Z
37,user37,hello from row 37,2000-01-01T00:00:00Z
38,user38,hello from row 38,2000-01-01T00:00:00Z
39,user39,hello from row 39,2000-01-01T00:00:00Z
40,user40,hello from row 40,2000-01-01T00:00:00Z
41,user41,hello from row 41,2000-01-01T00:00:00Z
42,user42,hello from row 42,2000-01-01T00:00:00Z
43,user43,hello from row 43,2000-01-01T00:00:00Z
44,user44,hello from row 44,2000-01-01T00:00:00Z
45,user45,hello from row 45,2000-01-01T00:00:00Z
46,user46,hello from row 46,2000-01-01T00:00:00Z
47,user47,hello from row 47,2000-01-01T00:00:00Z
48,user48,hello from row 48,2000-01-01T00:00:00Z
49,user49,hello from row 49,2000-01-01T00:00:00Z
50,user50,hello from row 50,2000-01-01T00:00:00Z
